{
    "accuracy": 0.7960199004975125,
    "precision": 0.6629213483146067,
    "recall": 0.4732620320855615,
    "f1_score": 0.5522620904836193
}